fitness,lr0,lrf,momentum,weight_decay,warmup_epochs,warmup_momentum,box,cls,dfl,hsv_h,hsv_s,hsv_v,degrees,translate,scale,shear,perspective,flipud,fliplr,mosaic,mixup,copy_paste
0.53706,0.01,0.01,0.937,0.0005,3.0,0.8,7.5,0.5,1.5,0.015,0.7,0.4,0.0,0.1,0.5,0.0,0.0,0.0,0.5,1.0,0.0,0.0
0.54804,0.00868,0.01206,0.9381,0.00051,3.22896,0.67339,7.5,0.54866,1.61487,0.01618,0.70432,0.40987,0.0,0.1,0.47026,0.0,0.0,0.0,0.535,1.0,0.0,0.0
0.55786,0.00868,0.01205,0.93822,0.00051,3.23431,0.67339,7.49085,0.55006,1.61364,0.01618,0.70482,0.40939,0.0,0.10014,0.47076,0.0,0.0,0.0,0.5351,1.0,0.0,0.0
0.53469,0.00609,0.0123,0.93822,0.00051,3.35048,0.702,6.33908,0.57824,1.43254,0.01445,0.66172,0.42623,0.0,0.11315,0.45523,0.0,0.0,0.0,0.49492,1.0,0.0,0.0
0.55894,0.00769,0.01161,0.98,0.00049,3.0976,0.81893,7.5,0.72963,1.87382,0.0125,0.70358,0.39202,0.0,0.07629,0.3911,0.0,0.0,0.0,0.535,0.84149,0.0,0.0
0.54855,0.00701,0.01214,0.98,0.00049,2.42982,0.81893,7.67656,0.63137,1.87382,0.01378,0.70358,0.39202,0.0,0.08295,0.40424,0.0,0.0,0.0,0.5627,0.90813,0.0,0.0
0.53472,0.00931,0.01244,0.96804,0.00053,2.40797,0.54536,7.49085,0.53807,1.68046,0.01314,0.9,0.40939,0.0,0.10236,0.28622,0.0,0.0,0.0,0.53056,0.98631,0.0,0.0
